date published,article title
2020-12-18,Zellis Holdings Limited -- Moody's changes Zellis' outlook to stable from negative; affirms ratings - Yahoo Finance
2020-12-20,Is LUMN A Good Stock To Buy Now? - Yahoo Finance
2020-12-23,Lumen Technologies: A 5G Play With a 10% Yield - GuruFocus.com
2020-12-23,Sell These Covered Calls For Income And To Lower Risk - Seeking Alpha
2020-12-23,AT&T Is Our Top Value Pick For 2021 (NYSE:T) - Seeking Alpha
2020-12-24,A Mathematician Has Finally Solved the Infamous Goat Problem - Yahoo Finance
2020-12-28,Should You Scoop Up These 10 Highest-Yielding Dividend Stocks ... - The Motley Fool
2020-12-30,Here's My Top Stock to Buy for 2021 - The Motley Fool
2021-01-08,How Safe Is Lumen Technologies' Massive 10% Dividend Yield? - The Motley Fool
2021-01-08,Why Lumen Technologies Stock Sank 24.5% in 2020 - Nasdaq
2021-01-09,3 Stocks That Are Absurdly Cheap Right Now - The Motley Fool
2021-01-10,BitMEX $540M Lawsuit Dropped By Frank Amato And Elfio Capone - Digital Market News
2021-01-11,Lumen Technologies announces pricing of Sustainability-Linked ... - PR Newswire
2021-01-12,Cell Tower REITs: Tech Trouble - Seeking Alpha
2021-01-17,15 Biggest Hosting Companies in the World - Yahoo Finance
2021-01-21,Alaska Communications Is Taken Private As A Fairly Priced Wireline ... - Seeking Alpha
2021-01-24,[Seoul travels] Artisanal spirit brings life to new ideas - The Hankyoreh
2021-01-28,"S&P 500 Movers: LUMN, AAL - Nasdaq"
2021-01-29,Herd Mentality: How Otherwise Intelligent People Make Bad ... - Seeking Alpha
2021-02-01,Lumen announces issuance of notices to redeem Qwest ... - PR Newswire
2021-02-03,These S&P 500 stocks have had the biggest increases in 'buy' ratings so far this year - MarketWatch
2021-02-04,Steel Peak Wealth Management L - GuruFocus.com
2021-02-05,"Wall Street Hates These Dividend Payers, But Should You? - Investing.com"
2021-02-05,15 Very High Yield Dividend Stocks Worth Checking Out - Yahoo Finance
2021-02-06,"Graydon Carter, Amy Fine Collins Talk International Best Dressed List and Air Mail’s “Exceptional” Year - Yahoo Finance"
2021-02-09,Toronto Dominion Bank Buys Roy - GuruFocus.com
2021-02-11,Why You Should Sell Your Losers – Destroy The Breakeven Fairy Tale - Seeking Alpha
2021-02-16,"Etf Managers Group, Llc Buys A - GuruFocus.com"
2021-02-18,Lumen Technologies is the only company to win Frost & Sullivan's ... - PR Newswire
2021-02-18,Assessing Michael Burry's Portfolio Changes After His Profitable ... - Seeking Alpha
2021-02-19,"Michael Burry's Top 5 Holdings: Pfizer, CitiGroup, Kraft Heinz, More - Yahoo Finance"
2021-02-22,M&T Bank stock & People's United Financial merger inked on paper - Seeking Alpha
2021-02-25,ORCL: Oracle vs. SAP: Which Stock is a Better Buy? - StockNews.com
2021-02-25,Lumen Technologies appoints Quincy L. Allen to its board of directors - PR Newswire
2021-02-26,7 Stocks Michael Burry Likes Better Than Tesla - U.S News & World Report Money
2021-02-26,AT&T Is Chasing Cash With Asset Sales It Doesn't Need (NYSE:T) - Seeking Alpha
2021-03-04,Where Will IBM Be in 5 Years? - The Motley Fool
2021-03-14,SPHD Makes For A Disappointing Dividend ETF - Seeking Alpha
2021-03-15,Facebook will help you find and book a COVID-19 vaccination - Yahoo Finance
2021-03-17,TDS - The Potential For Acquisition Is Driving The Stock Price ... - Seeking Alpha
2021-03-17,Michael Burry Portfolio: Details on 'Big Short' Subject's Investments - Market Realist
2021-03-22,Where Does Wall Street Think Turkcell Iletisim Hizmetleri A.S. (TKC) Stock Will Go? - InvestorsObserver
2021-03-26,All 8 Highest-Yielding S&P 500 Stocks Are Beating The Market - Investor's Business Daily
2021-03-26,Stocks Don't 'Only Go Up' - Seeking Alpha
2021-03-29,"S&P 500: Beware The 11 Most Overvalued Stocks, Analysts Warn ... - Investor's Business Daily"
2021-03-30,Cyxtera SPAC: A Compelling Alternative To Equinix And Digital ... - Seeking Alpha
2021-04-02,The Day Will Come When You Have To Exit The Stock Market - Seeking Alpha
2021-04-04,Indian social commerce Meesho valued at $2.1 billion in new $300 million fundraise - Yahoo Finance
2021-04-05,"Disney, Geico and other corporations backed Florida lawmakers now sponsoring restrictive voting bills - CNBC"
2021-04-06,T-Mobile's Nationwide 5G Network + the Lumen Edge Computing ... - Business Wire
2021-04-08,"As the cost of ransomware attacks nearly double, Lumen deploys ... - PR Newswire"
2021-04-08,CDC: COVID-19 surface transmission rare - Medical Economics
2021-04-13,"The 24 Least-Loved Stocks in the S&P 500, and Why You Should Buy Them - Barron's"
2021-04-15,Lumen welcomes Jason Lish as chief security officer - PR Newswire
2021-04-19,Pundi X [OLD] Cryptocurrency Jumps By 17% In The Last 24 Hours - Via News Agency
2021-04-19,10 Best Stocks to Buy According to Billionaire Mason Hawkins - Yahoo Finance
2021-04-21,How To Turn Your Portfolio Into A Safe Money Making Machine - Seeking Alpha
2021-04-22,Colorado is a major part of Lumen's preparations for the '4th ... - The Business Journals
2021-04-22,"Lumen Releases 2020 Environmental, Social and Governance ... - PR Newswire"
2021-04-23,Billions in NIH funding enabled COVID-19 vaccines - Medical Economics
2021-04-23,Evercade's retro game cartridge system now has a home console - Yahoo Finance
2021-04-27,Tackle Group S.a r.l. -- Moody's affirms Tipico's B2 CFR following refinancing and dividend distribution; outlook stable - Yahoo Finance
2021-04-28,Manufacturers embracing Edge computing to manage growing ... - PR Newswire
2021-04-30,Greenleaf Trust Buys Netflix I - GuruFocus.com
2021-05-03,Man charged after Hyde rape and another woman attacked - BBC
2021-05-06,Valley Brook Capital Group Buy - GuruFocus.com
2021-05-07,"Rebalance of Power: Tesla, Walmart, And Disney Join the S&P 500 ... - Seeking Alpha"
2021-05-07,QTS Realty Trust Is Riding A Massive Data Storage Growth Trend - Seeking Alpha
2021-05-17,Temasek Holdings (private) Ltd - GuruFocus.com
2021-05-18,3 Stocks Will Make Up For Your Vanishing Huge AT&T Dividend - Investor's Business Daily
2021-05-19,An AT&T Dividend Cut Is Coming. Buy This Telecom Instead. - The Motley Fool
2021-05-20,AT&T's (NYSE:T) New Standalone Company Explained In One Word - Seeking Alpha
2021-05-23,The Perfect Predictive Power Of Dividends - Seeking Alpha
2021-05-27,"AT&T: Dissecting The New Company That Will Be Formed, And ... - Seeking Alpha"
2021-05-27,Discovery Will Easily Compete With Netflix And Disney (NASDAQ ... - Seeking Alpha
2021-05-28,"Global Precision Aquaculture Market Forecast to 2026: Surging Adoption of Advanced Technologies such as IoT, ROVs, and AI for Real-Time Monitoring - Yahoo Finance"
2021-06-01,Full Disclaimer - Woodland Report
2021-06-02,"Forget AT&T, These 3 High-Yield Blue Chips Are Far Better ... - Seeking Alpha"
2021-06-03,Lumen to raise $1 billion through debt offering - Denver Business ... - The Business Journals
2021-06-07,Top 3 ETFs For Investing In Cloud Computing - Nasdaq
2021-06-11,Denver's Wheeler Trigg O'Donnell and Lumen team up for a new ... - The Business Journals
2021-06-14,AT&T Stock: A Solid Road To Your First $1 Million (NYSE:T) - Seeking Alpha
2021-06-16,Opinion: US gymnast Jade Carey made the right choice about her spot at the Tokyo Olympics - Yahoo Finance
2021-06-22,"After Hours Most Active for Jun 22, 2021 : VICI, ABEV, PAA, AAPL ... - Nasdaq"
2021-06-26,Can Investors Trust Lumen's High Yield? - The Motley Fool
2021-06-26,I Put My Retirement In The Hands Of REITs - Seeking Alpha
2021-06-26,Earn 10% Consistently With Options - June 2021 - Seeking Alpha
2021-07-07,3 Deep Value Stocks To Buy Now - Seeking Alpha
2021-07-09,Here Are the Cheapest Stocks in Each Sector of the S&P 500 - Barron's
2021-07-09,"AT&T Stock: Don't Use EBITDA, Look At Free Cash Flow Yield ... - Seeking Alpha"
2021-07-12,Pfizer Shares Likely To Get A Boost In The Second Half Of 2021 ... - Seeking Alpha
2021-07-13,LUMN Stock: The Big News That Has Lumen Technologies on ... - InvestorPlace
2021-07-14,Distressed-Debt Funds Get No Love as Credit Problems Disappear - Bloomberg
2021-07-15,Top Net Payout Yields - July 2021 - Seeking Alpha
2021-07-19,Why AT&T Stock Is A Sell Ahead Of Discovery Merger (NASDAQ ... - Seeking Alpha
2021-07-21,Comcast Stock: Dividend Replacement For Warner Bros Discovery ... - Seeking Alpha
2021-07-23,Lumen expands its fiber network in Europe - PR Newswire
2021-07-26,Lumen to Sell Latin American Business to Stonepeak for $2.7B - PR Newswire
2021-07-26,SpaceX Challenged on Broadband Subsidies for Parking Lots - Bloomberg
2021-07-27,Lumen Technologies divests Latin American business for $2.7B ... - The Business Journals
2021-07-29,Cyxtera CEO Nelson Fonseca - Evolving IT Infrastructure (NASDAQ ... - Seeking Alpha
2021-07-29,Lumen Technologies Lines Up a Big Asset Sale - The Motley Fool
2021-07-29,Lumen launches new on-net subsea fiber route between U.S. and ... - The News Star
2021-08-02,AT&T: In-Depth Stock Forecast for 2022 - AskTraders
2021-08-02,American Battery Technology (ABML) could supply Tesla in near ... - Woodland Report
2021-08-03,Lumen to sell local incumbent carrier operations in 20 states to ... - PR Newswire
2021-08-03,Reddit’s WallStreetBets is Buying these 10 Stocks for Post-Earnings Gains - Yahoo Finance
2021-08-04,Lumen Technologies (LUMN) Q2 2021 Earnings Call Transcript - The Motley Fool
2021-08-08,Wall Street Hates This Dividend Stock's Latest Plan. I Love It. - The Motley Fool
2021-08-10,Form N-PX STERLING CAPITAL FUNDS For: Jun 30 - StreetInsider.com
2021-08-10,12 Best Artificial Intelligence Stocks To Invest In Right Now - Yahoo Finance
2021-08-10,Data Center REITs: Solid-But-Unspectacular Earnings Results In Q2 - Seeking Alpha
2021-08-12,Form N-PX AIM COUNSELOR SERIES For: Jun 30 - StreetInsider.com
2021-08-16,Lumen Technologies is selling operations in 20 states. Here's what it ... - Denver Business Journal
2021-08-17,Lumen mitigates 14% more DDoS attacks in Q2 than in Q1 - PR Newswire
2021-08-17,Michael Burry Shorts ARK Innovation ETF (ARKK) - Seeking Alpha
2021-08-19,Lumen taking private cloud capabilities to the edge - PR Newswire
2021-08-19,Form N-PX ETF Series Solutions For: Jun 30 - StreetInsider.com
2021-08-20,Verizon Communications Facing Mounting Competition And ... - Seeking Alpha
2021-08-20,Buffett Says Make Income While You Sleep: 3 Dividends For A ... - Seeking Alpha
2021-08-25,Form N-PX NEW COVENANT FUNDS For: Jun 30 - StreetInsider.com
2021-08-26,Verizon Inc.: 6 Reasons To Buy VZ Stock Now - Seeking Alpha
2021-08-26,Sanne agrees to be bought by Apex in £1.5bn deal - ShareCast
2021-08-29,"Amgen's (AMGN) next acquisition, Biocryst (BCRX) - Woodland Report"
2021-09-02,Dickinson Wins ITGA Presidential Excellence Award for COVID-19 ... - Stony Brook News
2021-09-02,Marsh McLennan agency subsidiary acquires Vaaler Insurance - Seeking Alpha
2021-09-13,Discovery: My Favorite Media Stock For The Next Five Years ... - Seeking Alpha
2021-09-20,Prem Watsa's Fairfax Financial Holdings Portfolio – Q2 2021 Update ... - Seeking Alpha
2021-09-23,Accenture Releases Survey Results Exploring Crucial Tech Trends ... - GovCon Wire
2021-09-27,Dugger Union football wins first game in five years. - Greene County Daily World
2021-09-28,Global X SuperDividend ETF (SDIV): China Is One Of The Red Flags - Seeking Alpha
2021-09-28,Lumen Stock: Undervalued Or Value Trap? (NYSE:LUMN) - Seeking Alpha
2021-09-28,USPS Selects Lumen for Network Modernization Contract - PR Newswire
2021-10-01,We Think Lumen Technologies (NYSE:LUMN) Is Taking Some Risk ... - Nasdaq
2021-10-06,"Forget Cathie Wood's ARKK ETF, Why I'm Buying High Yield Stocks - Seeking Alpha"
2021-10-08,"Tesla Stock Is Only Worth This Much, Analysts Insist - Investor's Business Daily"
2021-10-11,A Cable Bull Goes Neutral on the Stocks. Here’s Why. - Barron's
2021-10-12,AT&T Stock: Future Looks Brighter Than Dismal Past Performance ... - Seeking Alpha
2021-10-13,Want To Invest In Technology But Avoid Facebook? Here Are 2 ... - Investing.com
2021-10-13,The Simple Logic Of América Móvil Spin Off (NYSE:AMX) - Seeking Alpha
2021-10-18,How to pre-order Apple’s new AirPods and MacBook Pros - Yahoo Finance
2021-10-18,Sony's impressive WH-1000XM4s fall back to an all-time low of $248 - Yahoo Finance
2021-10-18,Icahn Enterprises Stock: Dividend Sleuthing (NASDAQ:IEP) - Seeking Alpha
2021-10-18,7 Stocks Paying Super-Size Dividends Are Actually Doing Great - Investor's Business Daily
2021-10-22,AT&T Q3 Earnings: EBITDA Down In All 3 Key Segments; Avoid ... - Seeking Alpha
2021-10-25,Lumen and Cisco expand their partnership to help businesses ... - PR Newswire
2021-10-26,Could Redbox (RDBX) gain meme potential like GameStop (GME ... - Woodland Report
2021-10-27,What to Expect From the S&P 500 This Season - Yahoo Finance
2021-10-30,Double Your Money by 2033 on Dividends Alone from This Top ... - The Motley Fool
2021-11-03,Treasurer of the State of Nort - GuruFocus.com
2021-11-04,"Karpas Strategies, Llc Buys Br - GuruFocus.com"
2021-11-08,Thomas Richmond's Deep Value Portfolio: October - Seeking Alpha
2021-11-09,"We Are One Seven, LLC Buys Fir - GuruFocus.com"
2021-11-10,Were Hedge Funds Right About Piling Into News Corp (NWSA)? - Insider Monkey
2021-11-12,Companies Losing Tons Of Money (Like Lucid) Make Investors Rich - Investor's Business Daily
2021-11-12,Takeda Is Dirty Cheap: Great Opportunities Lie Ahead (TAK) - Seeking Alpha
2021-11-17,Brightspeed Announces Brand and Affirms Intention to Bring High ... - PR Newswire
2021-11-17,Data Center REITs: Merger Madness - Seeking Alpha
2021-11-18,Lumen Technologies subsidiary buys Orlando real estate - Orlando ... - Orlando Business Journal
2021-11-18,AT&T Stock Is Starting To Look Interesting (NYSE:T) - Seeking Alpha
2021-11-21,101 Ways To Invest In The Metaverse - Penny Stocks
2021-11-29,AT&T Stock: Undervalued But Uncertainties Remain (NYSE:T) - Seeking Alpha
2021-11-29,Brightspeed Announces Brand and Affirms Intention to Extend ... - Broadband Communities
2021-11-30,AT&T Stock: Management Won't Keep Its Word On Future Dividends ... - Seeking Alpha
2021-11-30,Hornby warns outlook unclear as Christmas looms - ShareCast
2021-11-30,Ex-Goldman president Harvey Schwartz to chair new UK clearing bank - ShareCast
2021-12-01,Lumen Technologies Named Top Dividend Stock With Insider ... - Nasdaq
2021-12-01,Lumen Edge Gateway extends the Lumen platform to deliver IT ... - PR Newswire
2021-12-01,"AT&T Stock: Too Cheap To Ignore, Good Time To Own Now (NYSE:T) - Seeking Alpha"
2021-12-01,"How many days until Christmas? Count down with Advent calendars full of toys, booze and candy - Yahoo Finance"
2021-12-07,"Forget AT&T Stock, Buy These 2 High-Yield Communications Stocks - Seeking Alpha"
2021-12-08,Covariance estimation for risk-based portfolio optimization: an ... - Risk.net
2021-12-08,Understanding Lumen Technologies' Newly Added Risk Factors - Nasdaq
2021-12-09,Lumen Appoints James Flitton as Vice President of Infrastructure ... - PR Newswire UK
2021-12-12,Here Are the Cheapest Stocks in Each Sector of the S&P 500 - Barron's
date published,article title
2021-12-15,Why Uniti Group Has Big Upside Potential (UNIT) - Seeking Alpha
2021-12-17,Should You Scoop Up These 10 Highest-Yielding Dividend Stocks ... - The Motley Fool
2021-12-21,Disney channels are back on YouTube TV: Talking Tech podcast - Yahoo Finance
2021-12-22,High dividends: Shortening equity duration - Seeking Alpha
2021-12-26,Top Dividend Aristocrats Tag Four To Buy For January - Seeking Alpha
2021-12-27,Cell Tower REITs: Living On The Edge - Seeking Alpha
2021-12-31,AT&T Stock: 3 Reasons For Underperformance In 2021; Likely To ... - Seeking Alpha
2021-12-31,Forex Scammer Wygodski is Still at Large - Woodland Report
2022-01-09,Swapping Prospect With Carlyle For Solid 11% Yield (NASDAQ ... - Seeking Alpha
2022-01-10,Netflix and 10 Other Stocks That Expanded Profit Margins—Despite Inflation Pressure - Barron's
2022-01-10,"Crossmark Global Holdings, Inc. Buys Cigna Corp, Honda Motor Co, Crown Castle International ... - Yahoo Finance"
2022-01-10,LUMN: Is Lumen Technologies a Good High-yield Stock to Buy Now? - StockNews.com
2022-01-11,"COWZ (COWZ): Excellent Value Strategy, But Elevated Turnover Is ... - Seeking Alpha"
2022-01-13,LUMN Stock Alert: Why Lumen Technologies Is Headed Lower Today - InvestorPlace
2022-01-20,U.S. Department of Agriculture awards Lumen $1.2 billion network ... - PR Newswire
2022-01-20,Former Peraton Exec Rocky Thurston Appointed DMI COO - GovCon Wire
2022-01-22,Lumen Stock: Massive Upside On Upcoming Transformation (LUMN) - Seeking Alpha
2022-01-22,"DVY: Diversified Equity Index ETF, Outstanding Dividend Growth ... - Seeking Alpha"
2022-02-03,"What Type Of Shareholders Make Up Lumen Technologies, Inc.'s ... - Nasdaq"
2022-02-03,"Total Clarity Wealth Management, Inc. Buys Vanguard Total International Stock, First Trust ... - Yahoo Finance"
2022-02-04,Fourth Industrial Revolution: A Monumental Shift | Investor's ... - Investor's Business Daily
2022-02-04,Cramer's Investing Club: It was a wild week of earnings for Club stocks - CNBC
2022-02-04,AT&T Stock: Unable To Heal From The Dividend Cut (NYSE:T) - Seeking Alpha
2022-02-09,Lumen Technologies reports fourth quarter 2021 results - PR Newswire
2022-02-09,"The Stock Market Is Down, But My Retirement Portfolio Is Up - Seeking Alpha"
2022-02-10,National Grid Stock Insulated From RIIO Changes With U.S. ... - Seeking Alpha
2022-02-10,Nanosynth progresses production joint venture with Volz - ShareCast
2022-02-10,Lumen slides 14% as guidance spurs new dividend cut worries ... - Seeking Alpha
2022-02-10,"Twitter, Disney, Mattel, Twilio, Tesla: What to Watch in the Stock ... - The Wall Street Journal"
2022-02-14,Courtland Madock Joins Brightspeed as Chief Marketing Officer - PR Newswire
2022-02-14,Bridgewater Associates Buys Al - GuruFocus.com
2022-02-14,Angularly quantized spin rotations in hexagonal LuMnO3 | Scientific ... - Nature.com
2022-02-15,HSBC told to review credit risk reporting - report - ShareCast
2022-02-16,How Much Money Can I Earn By Investing In Dividend Income Tech ... - DataDrivenInvestor
2022-02-17,"Meta Platforms drops out of top 10 companies by value, with new 4 ... - Seeking Alpha"
2022-02-18,Is LUMN Stock a Solid Long Term Investment? - Moneyinc
2022-02-23,Buying LUMN Stock After the Share-Price Collapse Is a Bright Idea - InvestorPlace
2022-02-23,Cramer's lightning round: Southern Copper should be higher - CNBC
2022-02-23,Here Are the 10 Highest-Yielding S&P 500 Stocks - Barron's
2022-02-23,"Cramer's Mad Money Recap 2/23: Goldman Sachs, Peloton - TheStreet"
2022-02-25,Lumen named a Leader in the 2022 Gartner® Magic Quadrant™ for ... - PR Newswire
2022-02-26,Bandwidth: This Stock Is Trading Next To Free (NASDAQ:BAND) - Seeking Alpha
2022-02-28,T-Mobile US Vs. AT&T: Which Is The Better Stock Pick Currently - Seeking Alpha
2022-03-01,Brightspeed Announces Corporate Headquarters Location in Charlotte - PR Newswire
2022-03-01,Accordia Life and Annuity Company -- Moody’s upgrades Global Atlantic (Baa2 senior debt); outlook to stable - Yahoo Finance
2022-03-04,"Stocks to Buy, 50 Dividend Picks Set to Outperform Amid Inflation: GS - Business Insider"
2022-03-07,Cyxtera Stock: Compelling Value With Secular Tailwinds (NASDAQ ... - Seeking Alpha
2022-03-08,AT&T Stock: 7 Alternatives With 4% To 10% Yields (NYSE:T) - Seeking Alpha
2022-03-08,Ted Baker appoints Marc Dench as CFO as Wolffe steps down - ShareCast
2022-03-09,Lumen Technologies Is Not Worthy of Investing as Growth Slows - InvestorPlace
2022-03-09,What is Lumen Technologies? 'Gateway to the Internet' pulls plug on Russia - MEAWW
2022-03-10,4 Top Dividend Payers of the S&P 500 - The Motley Fool
2022-03-10,EchoStar Stock: A Cheap Way Into The Satellite Market (NASDAQ ... - Seeking Alpha
2022-03-10,Topps Tiles buys controlling stake in trade brand Pro Tiler - ShareCast
2022-03-15,Brightspeed Selects KGPCo as Strategic Supply Chain Partner For ... - PR Newswire
2022-03-16,LUMN Stock: A Bullish Case That Is Now Ambiguous - InvestorPlace
2022-03-17,AT&T Stock: 5G Dreams Dragged By 3G Acquisitions And Debts - Seeking Alpha
2022-03-21,How Product Integration Maximizes Home Automation - Woodland Report
2022-03-22,Younger generations hit hard by medical debt - Medical Economics
2022-03-23,7 Cheap Stocks That Look Like a Huge Bargain Right Now - InvestorPlace
2022-03-23,"Digital patient engagement tackles the labor crisis, improves the ... - Medical Economics"
2022-03-23,7 Common Garage Door Problems That Can Be Fixed With These ... - Woodland Report
2022-03-23,Lumen Technologies Stock Is a Dividend Darling and Blockchain Bet - InvestorPlace
2022-03-24,Frontier Communications Parent: A New Frontier (NASDAQ:FYBR) - Seeking Alpha
2022-03-25,New York Community Bancorp Stock: Idling Until Flagstar Merger ... - Seeking Alpha
2022-03-25,"Lumen Technologies to Present at the New Street Research and BCG ""Fiber to the Future"" Global Infrastructure Conference - Yahoo Finance"
2022-03-25,3 Top S&P 500 Stock Market Gainers Today: Energy Strong As ... - Investor's Business Daily
2022-03-27,Warren Buffett Thinks This Investing Strategy Could Even Make a ... - The Motley Fool
2022-03-28,Lumen Appoints Chris Stansbury as Chief Financial Officer - PR Newswire
2022-03-28,2 Ultra-High-Yield Dividend Stocks to Buy Hand Over Fist and 1 to ... - The Motley Fool
2022-03-29,AT&T And Discovery: The Big Day Is Almost Here (NASDAQ:DISCA) - Seeking Alpha
2022-03-30,How Often Can You Use Monoatomic Gold Ormus? - Woodland Report
2022-03-30,Brightspeed Readies First Deployment of State-of-the-Art High ... - PR Newswire
2022-03-30,"After hours: Meet William Baker, DO, family physician and cowboy ... - Medical Economics"
2022-03-30,Bionano Genomics (BNGO) CEO Erik Holmlin at 2nd Annual Maxim ... - Seeking Alpha
2022-03-30,"Apple, Facebook and Discord reportedly gave user data to hackers posing as law enforcement - Yahoo Finance"
2022-03-31,"Cell Tower REITs: 5G Is Coming, Just Not That Fast - Seeking Alpha"
2022-03-31,Analyzing T-Mobile And Lumen's Partnership For 5G And The Edge ... - Seeking Alpha
2022-03-31,Buffett Warns Of How Smart People Go Broke: Why We Don't Buy ... - Seeking Alpha
2022-03-31,7 Higher-Yielding Blue-Chip Bargains To Buy Instead Of AT&T ... - Seeking Alpha
2022-04-01,McKinsey’s rules for building the most effective team to support a CFO - Fortune
2022-04-01,New York warehouse workers vote to form first U.S. union at Amazon - Yahoo Finance
2022-04-05,Why Lumen Stock Is a Good Name to Buy for Investors - InvestorPlace
2022-04-05,"Taylor Wimpey, Berkeley sign UK cladding pledge - ShareCast"
2022-04-08,Armed thugs in Audi knock down biker and attack him in terrifying street robbery - Manchester Evening News
2022-04-11,Lumen Technologies Stock Remains a Solid Deep Value Play - InvestorPlace
2022-04-11,Motorcyclist knocked down and attacked in Hyde robbery - Quest Media Network
2022-04-13,AT&T Dividend Cut With Spinoff. Why It's Still Generous. - Barron's
2022-04-14,LUMN Stock: Dividends Through Liquidation - InvestorPlace
2022-04-19,T: AT&T vs. Lumen Technologies: Which Telecom Stock is a Better ... - StockNews.com
2022-04-23,"If a recession comes, where do tech investors go? Here are some ... - Seeking Alpha"
2022-04-24,"The Flexitarian Diet: What Is It, Benefits and Does It Help You Lose Weight? - Sportskeeda"
2022-04-25,Mind Gym reports 'robust' year of trading - ShareCast
2022-04-25,#RIPTwitter? These numbers show the company has plenty of life - MarketWatch
2022-04-26,Lumen Stock: Love Is Blind (NYSE:LUMN) - Seeking Alpha
2022-04-26,Lumen Selects Alianza to Power Communications Network ... - PR Newswire
2022-04-27,"New York Community Bancorp, Inc. (NYCB) CEO Thomas Cangemi ... - Seeking Alpha"
2022-04-27,US close: Dow finishes higher on mixed day for Wall Street - ShareCast
2022-04-27,"CMCSA: Cable Justifies Full EV, Option On NBCU & Sky (NASDAQ ... - Seeking Alpha"
2022-04-27,Gannett Stock: A Turnaround Requiring Patience (NYSE:GCI) - Seeking Alpha
2022-04-27,Lumen to deliver 30 gigabit Ethernet speeds to more than 40 ... - PR Newswire
2022-04-28,The Morning After: Apple's repair-it-yourself iPhone service and toolkits launch in the US - Yahoo Finance
2022-04-29,Kudos Corner: Student honors - University of Redlands
2022-04-29,Lumen Wins Next Gen 911 Contract in New Jersey - Telecompetitor
2022-05-02,AT&T Stock: Time To Start And/Or Add To Your Position (NYSE:T) - Seeking Alpha
2022-05-04,Lumen Technologies reports first quarter 2022 results - Yahoo Finance
2022-05-06,XLK Vs. XLC: The Balance Of Power Is Starting To Change - Seeking Alpha
2022-05-08,Here's a toughing Mother's Day poem - The Tri-City News
2022-05-08,17 Stocks to Buy Now: Buyback Leaders & High Return Investments - Business Insider
2022-05-08,GEO Group Stock: Amend-And-Extend Is In Sight (NYSE:GEO) - Seeking Alpha
2022-05-09,My Dividend Stock Portfolio: April 2022 Update - Seeking Alpha
2022-05-09,Buy Alert: Grab These 8% Yielding Preferred Stocks - Seeking Alpha
2022-05-11,Pixel 6a vs. the competition: The mid-range gets better with Tensor power - Yahoo Finance
2022-05-12,Lumen mitigated DDoS attacks that targeted a single company more ... - PR Newswire
2022-05-13,'Not your parents' retirement:' Boomers and Gen X redefine their golden years - Yahoo Finance
2022-05-15,Why Are Lines So Long at Airports and How to Avoid Them - Woodland Report
2022-05-16,"Forget rideshares, Uber will rent you a party bus - Yahoo Finance"
2022-05-18,How to Make Insightful Instagram Videos? - Woodland Report
2022-05-19,Lumen Technologies declares quarterly cash dividend - PR Newswire
2022-05-23,"Should You Buy Lumen Technologies, Inc. (NYSE:LUMN) For Its Upcoming Dividend? - Simply Wall St"
2022-05-23,NLRB accuses Activision Blizzard of violating labor law by threatening employees - Yahoo Finance
2022-05-24,7 Blue-Chip Stocks With Dividends to Buy Before June - InvestorPlace
2022-05-25,Here are 15 high-yield stocks expected to raise dividends the most through 2024 - MarketWatch
2022-05-25,Lumen Technologies Shows Rising Price Performance With Jump ... - Investor's Business Daily
2022-05-25,Brightspeed Announces First-Year Build Target for Its State-of-the ... - PR Newswire
2022-05-25,4 Safe Dividend Stocks Still Offering Mighty Solid Yield - InvestorPlace
2022-05-25,"Lumen Technologies, Inc. (LUMN) Management Presents at ... - Seeking Alpha"
2022-05-27,Outside/Inbox: Why do we like to stare at fire? - New Hampshire Public Radio
2022-05-27,Want $400 in Dividends Monthly? Invest This Amount in These 3 ... - The Motley Fool
2022-06-03,Longleaf Partners Fund Q1 2022 Commentary - Seeking Alpha
2022-06-06,Dividend Growth - Why Owning Microsoft Stock Is So Important ... - Seeking Alpha
2022-06-06,Lumen Technologies (LUMN) Stock Unmoved on Potential Sale ... - AskTraders
2022-06-07,Verizon Or T-Mobile Stock: Which As A Buy In The War Of ... - Seeking Alpha
2022-06-07,Brightspeed Announces Initial Fiber Build Markets for North Carolina - PR Newswire
2022-06-08,FTSE 250 movers: Wizz Air plummets after profit warning - ShareCast
2022-06-09,"These 3 dividend stocks offer monstrous yields between 8.5% and 16% — for inflation defense and hefty cash income, take a closer look - Yahoo Finance"
2022-06-09,Brightspeed Announces Initial Fiber Build Markets for Virginia - PR Newswire
2022-06-09,"Lumen Technologies Stock Provides Safe, Reliable, Ultra-High ... - Income Investors"
2022-06-09,Microsoft will no longer ban staff from seeking roles at competitors and plans to disclose salaries on job ads - Yahoo Finance
2022-06-10,Are 'guilt-free' food items really healthy? Find out here - The Indian Express
2022-06-11,I learned a painful lesson from inflation in the ’70s that's paying off as things get ugly again - Yahoo Finance
2022-06-14,7 Stocks for Recent College Grads to Buy and Hold Forever - InvestorPlace
2022-06-15,Kevin O'Leary says the crypto market won't hit bottom until there's panic: 'we need someone to go to zero' - Yahoo Finance
2022-06-15,Brightspeed Announces Initial Fiber Build Markets for Texas - PR Newswire
2022-06-20,Brightspeed Announces Initial Fiber Build Markets for Texas - Broadband Communities
2022-06-20,Our 2 Worst Investments Of 2022 - Seeking Alpha
2022-06-21,Cramer's lightning round: I like MP Materials - CNBC
2022-06-21,AT&T Stock: Free Cash Flow Yield Alert (NYSE:T) - Seeking Alpha
2022-06-21,My Dividend Stock Portfolio: May 2022 Update - Seeking Alpha
2022-06-22,"Bethesda News: Congratulations, and thank you, to local Scout ... - williamsonherald.com"
2022-06-22,Brightspeed Announces Initial Fiber Build Markets for Alabama - PR Newswire
2022-06-22,What Slow but Steady Wireless Growth Means for Top Telecom Stocks - Morningstar
2022-06-23,Brightspeed unveils Alabama fiber network plan for 120000 fiber ... - LightWave Online
2022-06-27,10 Highest Dividend Yields In The S&P 500 - Financial Advisor Magazine
2022-06-28,Lumen discovers new malware that targeted home-office routers for ... - PR Newswire
2022-06-29,Does It Make Sense To Buy Lumen Stock For Its Dividend? (NYSE ... - Seeking Alpha
2022-06-29,Brightspeed Announces Initial Fiber Build Markets for Ohio - PR Newswire
2022-06-29,Dividend Cuts Are Coming: Here's How To Avoid Them - Forbes
2022-06-30,E. & J. Gallo Winery and The Wine Group LLC Among Leading Vendors in the USA Wine Market | Globaldata Plc - Yahoo Finance
2022-06-30,M&C Saatchi confirms FY profits will be in line with expectations - ShareCast
2022-07-01,Vertu Motors buys Wiper Blades for £3.5m - ShareCast
2022-07-05,Frontier Communications Stock (FYBR): Large Upside But Plenty Of ... - Seeking Alpha
2022-07-06,Forget Dividend Yield: This Is The Real Measure Of Your Payout - Forbes
2022-07-07,"Lego is releasing a 2,807-piece Bowser set for adults - Yahoo Finance"
2022-07-07,My Q2 Options Trading Activity: The Market Was Not Kind - Seeking Alpha
2022-07-07,Lumen Technologies: Closer Than Ever to a $10.2 Billion Windfall - The Motley Fool
2022-07-07,Brightspeed Announces Initial Fiber Build Markets for Louisiana - PR Newswire
2022-07-08,Feel Bad About Your Portfolio's Losers? Hope You Didn't Buy These - Investor's Business Daily
2022-07-10,"Elon Musk's decision to pull a $44 billion deal for Twitter could see Wall Street's top banks lose hundreds of millions of dollars, scuppering one of 2022's biggest pay days. - Yahoo Finance"
2022-07-11,Medical groups join to denounce legislative interference in health ... - Medical Economics
2022-07-11,Verizon Stock: July's Dog Of The Dow (NYSE:VZ) - Seeking Alpha
2022-07-12,Lumen expands Edge Computing Solutions into Europe - PR Newswire
2022-07-12,3 Best Telecom Stocks to Buy - InvestorPlace
2022-07-12,DigitalBridge: Own The Backbone Of The Trillion-Dollar 5G Industry ... - Seeking Alpha
2022-07-13,5 Ways to Play the Next Big Thing in Telecommunications - InvestorPlace
2022-07-13,"Brightspeed plots 130,000 new fiber passings in Missouri - Light Reading"
2022-07-14,Surgeon general: Bold change needed to address burnout in health ... - Medical Economics
2022-07-14,5 Classic Cars That Will Increase In Value In 2022 - Woodland Report
2022-07-17,"My Dividend Stock Portfolio: June 2022 Update, 100 Holdings, 20 ... - Seeking Alpha"
2022-07-18,3 Top Dividend Payers of the S&P 500 - The Motley Fool
2022-07-18,FirstEnergy's Ohio Utilities File Plan to Further Modernize Electric System - Yahoo Finance
2022-07-19,"Insurance Third Party Administration Market Size is projected to reach USD 737 billion in 2030, growing at a CAGR of 7.11%: Straits Research - Yahoo Finance"
2022-07-19,Verizon: Deep Recession Value Ahead Of Q2 Earnings (NYSE:VZ) - Seeking Alpha
2022-07-19,Here's Why Lumen Technologies (NYSE:LUMN) Has A Meaningful Debt Burden - Simply Wall St
2022-07-20,"Top Stock Reports for Comcast, Texas Instruments & Philip Morris - Yahoo Finance"
2022-07-21,AT&T's Dividend Yield Jumps as the Stock Falls After Earnings - Barron's
2022-07-21,Mullen: A Force In The Making (NASDAQ:MULN) - Seeking Alpha
2022-07-21,"Branded Generics Market Forecast to 2028 - COVID-19 Impact and Global Analysis By Therapeutic Application, Distribution Channel, Drug Class, and Formulation Type - Yahoo Finance"
2022-07-21,Brightspeed Announces Initial Fiber Build Markets for Pennsylvania - PR Newswire
2022-07-22,AT&T Is Just One High-Dividend Stock That Burns 'Yield Chasers' - Investor's Business Daily
2022-07-22,AT&T's Q2: The Dying Dividend Stock Continues Its Decline (NYSE:T) - Seeking Alpha
2022-07-22,AT&T Q2 Earnings: Sell-Off A Buying Opportunity (NYSE:T) - Seeking Alpha
2022-07-25,"Forget Verizon (VZ) Stock, Buy Lumen (LUMN) Instead - Seeking Alpha"
2022-07-25,Lumen Announces Cash Tender Offers and Consent Solicitations - PR Newswire
2022-07-26,Google search ads beat targets despite global 'uncertainty' - Yahoo Finance
2022-07-26,U.S. Customs and Border Protection selects Lumen for network ... - PR Newswire
2022-07-27,"Dycom Boost Seen From AT&T Fiber-Optic Push, Government ... - Investor's Business Daily"
2022-07-27,Marine Products Corporation (MPX) CEO Ben Palmer on Q2 2022 ... - Seeking Alpha
2022-07-27,Brightspeed Announces Initial Fiber Build Markets for Wisconsin - PR Newswire
2022-07-29,"Investing Club: The week in review, the week ahead — July 29, 2022 - CNBC"
2022-08-01,Amy Wulfestieg Joins Brightspeed as Chief Communications Officer - PR Newswire
2022-08-01,What's in the Cards for ANSYS (ANSS) This Earnings Season? - Yahoo Finance
2022-08-01,UCC Networks Expands Communication Portfolio With Lumen - GlobeNewswire
2022-08-01,Lumen Closes Sale of its Latin American Business to Stonepeak - Yahoo Finance
2022-08-02,Lumen Technologies to Present at the Cowen 8th Annual ... - Lumen Newsroom
2022-08-03,Grab 5 Stocks Before Their Earnings After Closing Bell Today - Yahoo Finance
2022-08-03,"Dow Futures Little Changed After Positive Session, Lucid Reports ... - Investing.com"
2022-08-03,Quantum Fiber launches service with symmetric 8 gigabit internet ... - Light Reading
2022-08-03,"Stocks to Buy: 25 Best Investing Ideas, Goldman Sachs Strategist - Business Insider"
2022-08-03,BHP: 3 Dividend Stocks to Buy With Yields Over 5% - StockNews.com
2022-08-04,Lumen Technologies (LUMN) Q2 2022 Earnings Call Transcript - The Motley Fool
2022-08-04,Brightspeed Announces Initial Fiber Build Markets for Tennessee - PR Newswire
2022-08-04,Lumen Stock: A 10% Yield We Can Get Behind (NYSE:LUMN) - Seeking Alpha
2022-08-05,Uniti Group Stock: Fiber At Less Than Half Of Replacement Cost - Seeking Alpha
2022-08-07,"Is Lumen Technologies, Inc. (NYSE:LUMN) Potentially Undervalued? - Simply Wall St"
2022-08-07,Lumen Stock Slips After Earnings Miss: Why I'm Not Worried - The Motley Fool
2022-08-08,High School Sports: Bulldog football rebuild enters new step in 2022 ... - Greene County Daily World
2022-08-08,"Even after rising 24% this past week, Starry Group Holdings (NYSE:STRY) shareholders are still down 49% over the past year - Simply Wall St"
2022-08-09,10 Things to Make a Home Office the Ideal Workspace - Woodland Report
2022-08-09,Lumen stops 1.06 Tbps DDoS attack in the company's largest mitigation to date - Yahoo Finance
2022-08-10,"A fifth of US teens use YouTube 'almost constantly,' with TikTok not far behind - Yahoo Finance"
2022-08-10,"Lumen Stock: 9.4% Yield Remains A Must-Buy, Here's Why (NYSE ... - Seeking Alpha"
2022-08-10,Quantum Fiber announces internet expansions in more than 20 ... - Lumen Newsroom
2022-08-10,Brightspeed Announces Initial Fiber Build Markets for Arkansas - PR Newswire
2022-08-11,"My Dividend Stock Portfolio: July 2022 Update, 101 Holdings, 22 Buys - Seeking Alpha"
2022-08-13,Retirement: How To Save A Million And Live Off Dividends - Seeking Alpha
2022-08-14,Heramba Sankashti Chaturthi: कल मनाई जा रही है हेरंब संकष्टी चतुर्थी ... - Dainik Savera Times
2022-08-15,Cyxtera: Unsustainable Business Model On A Debt Lease Of Life In ... - ValueWalk
2022-08-16,Lumen investment is bringing businesses more options at the edge - PR Newswire
2022-08-16,New report details sexual harassment and gender discrimination at Nintendo of America - Yahoo Finance
2022-08-16,RBC Capital starts Haleon at ‘sector perform’ - ShareCast
2022-08-16,"AT&T Stock: No Growth, High Debt, A Value Trap (NYSE:T) - Seeking Alpha"
2022-08-17,New York Community Bancorp Stock: Recent Rally Could Continue - Seeking Alpha
2022-08-17,7 Ultra-High Dividend Stocks for Income Investors - Nasdaq
2022-08-18,"Montgomery Co. Higher Educ. & Hlth. Auth., PA -- Moody's revises Holy Redeemer Health System's (PA) outlook to negative; Ba2 affirmed - Yahoo Finance"
2022-08-18,Form N-PX Columbia ETF Trust I For: Jun 30 - StreetInsider.com
2022-08-18,Brightspeed Announces Initial Fiber Build Markets for Kansas - PR Newswire
2022-08-18,Cyxtera Technologies Stock: Unsustainable Business Model (CYXT) - Seeking Alpha
2022-08-18,Lumen Technologies declares quarterly cash dividend - PR Newswire
2022-08-20,AT&T Stock: 4 Things To Know Before You Bottom Fish (NYSE:T) - Seeking Alpha
2022-08-21,23 Stocks to Buy That Offer Big Dividends With Growth Potential ... - Business Insider
2022-08-21,Environment Canada issues special weather statement for Sudbury - Sudbury.com
2022-08-22,FCC approves sale of Lumen assets to Brightspeed - PR Newswire
2022-08-22,"After Hours Most Active for Aug 22, 2022 : APE, CSX, BAC, MSFT ... - Nasdaq"
2022-08-22,YouTube removes video of Tesla fans using kids to test whether the carmaker's Full Self-Driving software stops for children - Yahoo Finance
2022-08-22,European Medicines Agency Accepts Rezafungin Marketing Authorisation Application for the Treatment of Invasive Candidiasis - Yahoo Finance
2022-08-23,3 top Goldman Sachs dividend stocks yielding as high as 13.6 ... - MoneyWise
2022-08-23,"Brightspeed will acquire CenturyLink's Kansas, Missouri ops ... - The Business Journals"
2022-08-23,Hackers reportedly deepfaked a Binance exec to carry out listing scams - Yahoo Finance
2022-08-24,Lumen's (LUMN) Sale of ILEC to Brightspeed Approved by FCC - Nasdaq
2022-08-24,Paying Dividends: Energy Companies Dominate Top-Yielding Stocks - Barron's
2022-08-25,Brightspeed Announces Initial Fiber Build Markets for Illinois and ... - PR Newswire
2022-08-25,"Is Trending Stock Lumen Technologies, Inc. (LUMN) a Buy Now? - Nasdaq"
2022-08-27,The Retiree's Dividend Portfolio - Jane's July Update: Record High ... - Seeking Alpha
2022-08-28,3 top dividend stocks from Goldman Sachs — nail down an inflation-fighting yield as high as 13.3% - Yahoo Finance
2022-08-29,Looking Into Lumen Technologies's Recent Short Interest - Lumen Technologies (NYSE:LUMN) - Benzinga
2022-08-30,Brightspeed Announces Initial Fiber Build Markets for Indiana - PR Newswire
2022-08-30,"Lumen launches the first intuitive, all-digital experience for buying ... - Lumen Newsroom"
2022-08-31,Lumen Technologies to Present at the BofA Securities 2022 Media ... - Lumen Newsroom
2022-08-31,Forget AT&T: Buy These 2 Higher-Yielding Blue Chips Instead - Seeking Alpha
2022-09-01,Brightspeed Announces Initial Fiber Build Markets for New Jersey - PR Newswire
2022-09-01,AT&T Vs. Verizon: Which 6%+ Yield Is Better? (NYSE:T) - Seeking Alpha
2022-09-02,Verizon: History Tells Us That $41 Might Be The Bottom (NYSE:VZ) - Seeking Alpha
2022-09-05,A Webb Telescope image is being used to push malware - Yahoo Finance
2022-09-06,Lumen Stock: Another Chance At 10% (NYSE:LUMN) - Seeking Alpha
2022-09-06,The Top 10 Most Shorted Stocks (S&P500) @ycharts - The Acquirer's Multiple
2022-09-07,Brightspeed Awarded GREAT Grants for 29 Counties in North Carolina - PR Newswire
2022-09-08,Lumen Technologies to Present at the Goldman Sachs ... - Lumen Newsroom
2022-09-09,Global Sperm Bank Market is Predicted to Garner a Notable CAGR During 2022-2031; Increasing Infertility in Both Men and Women and Growing Acceptance of Same-Sex Couple and Single Parents to Elevate Growth - Research Nester - Yahoo Finance
2022-09-09,Lumen Vs. Verizon: Is 10% Yield Too Good To Be True? - Seeking Alpha
2022-09-10,Verizon Stock: A Fool And His Money Are Soon Parted (NYSE:VZ) - Seeking Alpha
2022-09-12,Liberty Global plc (NASDAQ:LBTY.A) insiders sold US$2.2m worth of stock suggesting impending weakness. - Simply Wall St
2022-09-13,Lumen hires new CEO as Jeff Storey retires (NYSE:LUMN) - Seeking Alpha
2022-09-13,AT&T Stock: Fundamentals May Compensate For The Low Multiple - Seeking Alpha
2022-09-14,Southeastern Asset Management Portfolio – Q2 2022 Update ... - Seeking Alpha
2022-09-14,These five stocks in the S&P 500 lost almost half a trillion dollars in value in one day amid widespread wipeout - MarketWatch
2022-09-14,T. Rowe Slams Goal-Linked ESG Bonds Doing Little Good - Bloomberg
2022-09-15,"Lumen Technologies, Inc. (LUMN) Presents at Goldman Sachs 2022 ... - Seeking Alpha"
2022-09-15,U.S. Market's Worst Day in 2022 - Simply Wall St
2022-09-15,"Microsoft: Insider Selling, Frothy Valuation, Worsening ... - Seeking Alpha"
2022-09-15,Ethereum PoW Is Not an Ethereum Competitor - Yahoo Finance
2022-09-16,Stonepeak to buy Intrado's emergency telecom unit in $2.4 billion deal - Reuters
2022-09-16,Digital Realty Trust: Another Chance To Buy This REIT (NYSE:DLR) - Seeking Alpha
2022-09-17,The Retiree's Dividend Portfolio - Jane's August Update - Seeking Alpha
2022-09-18,"Russia's isolation from global markets is withering its economy and will wreck its status as an energy superpower, experts say - Yahoo Finance"
2022-09-18,Lumen Stock: 11.2% Yield On My Last Purchase (NYSE:LUMN) - Seeking Alpha
2022-09-18,Lumen Technologies Inc Shares Approach 52-Week Low - Market ... - Nasdaq
2022-09-19,"You'd Better Sell 10 Stocks Before Things Get Worse, Analysts Say - Investor's Business Daily"
2022-09-19,Banks Push Ahead to Offload Risky LBO Debt Ahead of Fed Meeting - Bloomberg
2022-09-19,Morgan Stanley's quant screen chooses best dividend stocks to own ... - Seeking Alpha
2022-09-19,"Coronavirus Omicron variant, vaccine, and case numbers in the ... - Medical Economics"
2022-09-21,Lumen invests in its sixth on-net subsea route across the Atlantic - Lumen Newsroom
2022-09-22,Dow: A Top Value Addition To Any Long-Term Portfolio (NYSE:DOW) - Seeking Alpha
2022-09-22,"Got $5,000? These 2 High-Yielding Dividend Stocks Are Near Their ... - The Motley Fool"
2022-09-23,The Morning After: Google's cheaper $30 Chromecast with Google TV - Yahoo Finance
2022-09-23,Credit Suisse stays constructive on Royal Caribbean debt financing ... - Seeking Alpha
2022-09-23,Is Lumen Technologies Inc (LUMN) Stock a Smart Investment Friday? - InvestorsObserver
2022-09-24,4.2% earnings growth over 5 years has not materialized into gains ... - Simply Wall St
2022-09-24,"AT&T Stock: If You're Worried, Check Out Lumen (LUMN) (T) - Seeking Alpha"
2022-09-25,High School Sports: Dugger Union wins first homecoming game ... - Greene County Daily World
2022-09-25,"BCE Stock: Low Valuation Attractiveness Score, Financial Health In ... - Seeking Alpha"
2022-09-26,Lumen Announces Any and All Cash Tender Offers - PR Newswire
2022-09-26,Brutal Bear Market Knocks 7 Major Stocks Below $3 A Share - Investor's Business Daily
2022-09-26,"Stocks That Hit 52-Week Lows On Monday - Vontier (NYSE:VNT), Venator Materials (NYSE:VNTR) - Benzinga"
2022-09-28,Lumen Stock: Don't Panic On New CEO (NYSE:LUMN) - Seeking Alpha
2022-09-28,"Bank of America, Barclays Struggle to Find Demand for Apollo's ... - Bloomberg"
2022-09-28,"Lumen Black Lotus Labs discovers an expanding, multipurpose ... - PR Newswire"
2022-09-28,What Are Dividend Stocks? - Forbes
2022-09-29,"Stocks That Hit 52-Week Lows On Thursday - Microsoft (NASDAQ:MSFT), FedNat Holding Co Com (OTC:FNHC) - Benzinga"
2022-09-29,Medicare premiums will get cheaper next year - Yahoo Finance
2022-09-29,"Brightspeed scraps leveraged loan, bond backing Lumen deal - PitchBook News & Analysis"
2022-09-29,Lumen Technologies (LUMN) Shares Cross 13% Yield Mark - Nasdaq
2022-09-29,Ryder System stock falls amid reports about banks struggling with ... - Seeking Alpha
2022-09-30,These 20 stocks in the S&P 500 tumbled between 20% and 30% in September - MarketWatch
2022-09-30,"Car-related stocks take it on the chin, with declines of up to 25% in one day - MarketWatch"
2022-09-30,The 5 Best—and 5 Worst—Stocks in the S&P 500 This Quarter - Barron's
2022-09-30,"AT&T maintains quarterly dividend, with yield above 7% - MarketWatch"
2022-10-01,Medical Properties Trust Stock: This Is Getting Out Of Hand (NYSE ... - Seeking Alpha
2022-10-02,S&P 500 dips 5% in latest quarter amid bear market; top loser ... - Seeking Alpha
2022-10-03,"Scout Security locks-in landmark partnership, sees significant ... - Small Caps"
2022-10-03,29 not-so-spooky Halloween events for Pittsburgh families - Kidsburgh
2022-10-03,Lumen Closes Sale of Local Incumbent Carrier Operations in 20 ... - PR Newswire
2022-10-03,Lumen Announces Acceptance and Initial Settlement of Tender Offers - PR Newswire
2022-10-04,Analysts Think 9 Cheapest Of The Cheap Stocks Are Worth A Shot - Investor's Business Daily
2022-10-04,Liberty Global (NASDAQ:LBTY.A) Use Of Debt Could Be Considered Risky - Simply Wall St
2022-10-05,Lumen Technologies sets third quarter 2022 earnings call date - Lumen Newsroom
2022-10-05,"Hoosiers For Good and Stop the Violence Indianapolis partner with Indiana University Football athletes, challenging young people to team up for peace and choose positive alternatives to gun violence - Yahoo Finance"
2022-10-05,"Twitter, Tesla, Lumen, Exxon, and More Market Movers - Barron's"
2022-10-05,Strix agrees to buy Australian brand Billi in £38m deal - ShareCast
2022-10-05,Hot Stocks: Data lifts CHWY; LUMN downgrade; EV names face ... - Seeking Alpha
2022-10-05,"S&P 500 Movers: LUMN, SLB - Nasdaq"
2022-10-06,Apple's previous-gen AirPods Pro drop to $170 at Amazon - Yahoo Finance
2022-10-06,"Dividend Harvesting Week 83: $8300 Allocated, $603.89 In Annual ... - Seeking Alpha"
2022-10-06,DoubleLine Yield Opportunities Fund Looks Attractive At 8.81 ... - Seeking Alpha
2022-10-06,Why Dycom Industries Is A Stock To Hold Today (NYSE:DY) - Seeking Alpha
2022-10-06,"Sotera Health, SMART Global And Other Big Losers From Wednesday - AMC Entertainment (NYSE:APE), Bed Bath - Benzinga"
2022-10-06,Why Nauticus Robotics Shares Are Trading Higher By 96%; Here Are 67 Biggest Movers From Yesterday - AMC E - Benzinga
2022-10-06,"Stocks close lower as investors await September jobs report, Dow drops nearly 350 points - CNBC"
2022-10-06,Frost & Sullivan Recognizes Lumen with the 2022 Enabling Platform ... - PR Newswire
2022-10-06,Why We Sold Our Lumen Technologies Stock (NYSE:LUMN) - Seeking Alpha
2022-10-07,Amazon will no longer publicly test its Scout delivery robots - Yahoo Finance
2022-10-07,What to expect from Microsoft's Surface event on October 12th - Yahoo Finance
2022-10-07,9 US Growth Stocks Within Temasek Holding's Portfolio - The Smart Investor
2022-10-08,Lumen Stock: ILEC Sale Complete; Undervalued (NYSE:LUMN) - Seeking Alpha
2022-10-09,"Lumen Stock: A Great Buy, But Not For The 15% Dividend (NYSE ... - Seeking Alpha"
2022-10-09,"A fallen Michigan football coach, a silent stadium and moments that remind us who we are - Yahoo Finance"
2022-10-09,Walgreens: Undervalued But Risks Persist (NASDAQ:WBA) - Seeking Alpha
2022-10-09,Verizon: Now Time To Lock In 7.1% Dividend Yield (NYSE:VZ) - Seeking Alpha
2022-10-10,Buy Verizon? Think Again! 35% Downside Based On My Model ... - Seeking Alpha
2022-10-10,Comcast Stock: Catching The Falling Knife (NASDAQ:CMCSA) - Seeking Alpha
2022-10-10,Short Interest Sector Focus: Communication Services Sector - FuboTV (NYSE:FUBO) - Benzinga
2022-10-11,Where Does Wall Street Think Lumen Technologies Inc (LUMN) Stock Will Go? - InvestorsObserver
2022-10-11,Jim Cramer goes over the best and worst Q3 performers in the S&P 500 - CNBC
2022-10-11,Mortgage REIT stocks gain as dividends stay stable amid volatile ... - Seeking Alpha
2022-10-11,Stellantis Fosters Circular Economy Ambitions with Dedicated Business Unit to Power New Era of Sustainable Manufacturing and Consumption - Yahoo Finance
2022-10-11,"Verizon establishes services group, puts top lawyer in charge ... - Seeking Alpha"
2022-10-12,Surface Laptop 5 hands-on: A bare minimum update - Yahoo Finance
2022-10-12,"Verizon Stock: 7.1% Yield, 7x P/E, Buy At 1-Year Low (NYSE:VZ) - Seeking Alpha"
2022-10-13,December 2nd Options Now Available For Lumen Technologies - Nasdaq
2022-10-13,Former HHS Chief AI Officer Oki Mek Joins Microsoft as Federal ... - GovCon Wire
2022-10-14,Citigroup reports $110 mln leveraged-loan loss as other banks ... - Reuters.com
2022-10-14,My Dividend Stock Portfolio: New September Record - Seeking Alpha
2022-10-14,Jamie Dimon Says Oil And Gas Is The Only Way To Protect America - Yahoo Finance
2022-10-14,BofA focuses on three key stocks heading into telecom's third ... - Seeking Alpha
2022-10-14,FTSE 100 movers: Ocado surges on Kroger deal; Persimmon gains ground - ShareCast
2022-10-14,"Alkermes, Allakos, and Other Stocks See Action From Activist Investors - Barron's"
2022-10-17,Bank of America beats profit estimates as interest rates climb - Reuters
2022-10-17,Longleaf Partners Fund's 3rd-Quarter Commentary - GuruFocus.com
2022-10-17,Bandwidth (NASDAQ:BAND) Has Debt But No Earnings; Should You Worry? - Simply Wall St
2022-10-17,"AT&T: Going Into Earnings The Stock Has Hit Rock Bottom, Yielding ... - Seeking Alpha"
2022-10-17,10 Technology Stocks To Buy That Are Too Cheap To Ignore - Yahoo Finance
2022-10-17,"Do Tech Stocks Pay High Dividends? These 2 Yielders Surpass Their Peers - Lumen Technologies (NYSE:LUMN), - Benzinga"
2022-10-18,"Q&A With Gary Harmon, EVP & General Manager of Convergint ... - GovCon Wire"
2022-10-18,Arturia MiniLab 3 hands-on: A big upgrade for a budget MIDI controller - Yahoo Finance
2022-10-19,Should You Sell Lumen Technologies (LUMN)? - Yahoo Finance
2022-10-19,AT&T weighing multibillion-dollar fiber joint venture - Bloomberg ... - Seeking Alpha
2022-10-19,"Verizon: Shares Approach Support Into Earnings, Solid Yield (NYSE ... - Seeking Alpha"
2022-10-19,UK inflation hits 40-year high of 10.1% - ShareCast
2022-10-19,The Silent Hill universe is expanding with three vastly different games - Yahoo Finance
2022-10-20,Bunzl Q3 revenues grow YOY - ShareCast
2022-10-21,Analysis of Global Collaborative Robots Market Portrays Revenue of ~USD 18 Billion by 2030 and a CAGR of ~42% During 2022-2030 – Research Nester - Yahoo Finance
2022-10-21,Granite Real Estate Investment Trust (TSE:GRT.UN) Given ... - MarketBeat
2022-10-21,Verizon: Blood In The Streets (NYSE:VZ) - Seeking Alpha
2022-10-22,Selling High Flyers For Better Upside Opportunities - Seeking Alpha
2022-10-23,3 Dividend Dogs About To Become Analyst Darlings In 2023 - Investing.com
2022-10-24,The second-gen Apple Pencil hits a new low of $89 - Yahoo Finance
2022-10-24,"Lumen Technologies, Inc. (NYSE:LUMN) Expected to Post FY2022 ... - MarketBeat"
2022-10-25,"Lumen research reveals 60% growth of a known, preventable DDoS ... - PR Newswire"
2022-10-25,"Analysts have given Lumen Technologies, Inc. (NYSE:LUMN) an ... - Best Stocks"
2022-10-25,How Will the Market React to Lumen Technologies Inc (LUMN) Stock Getting a Bearish Rating - InvestorsObserver
2022-10-26,Dividend Stock Smackdown: TSX Stocks vs S&P 500 - The Motley Fool Canada
2022-10-26,Politics And The Markets 04/04/21 - Seeking Alpha
2022-10-26,Your Guide to Understanding Shop Liability - FenderBender
2022-10-27,Apple earnings rise as economic gloom hits tech - Yahoo Finance
2022-10-27,AT&T Stock: A Fool And His Money Are Soon Parted (NYSE:T) - Seeking Alpha
2022-10-28,U.S. Consumers Spending Outran Inflation in September - Yahoo Finance
2022-10-28,Twitter’s latest experiment allows users to display NFT marketplace listings - Yahoo Finance
2022-10-28,What is Dividend Investing in December 2022? - Business 2 Community
2022-10-28,Cyxtera Technologies: Indirect Play On Growing Demand For Data ... - Seeking Alpha
2022-10-28,Short Interest Sector Focus: Communication Services Sector - FuboTV (NYSE:FUBO) - Benzinga
2022-10-30,My Current Favorite Stocks To Buy - Seeking Alpha
2022-10-31,UK govt unlikely to impose windfall tax on banks - report - ShareCast
2022-10-31,UPDATE 4-U.S. judge says Penguin Random House book merger cannot go forward - Yahoo Finance
2022-10-31,Digital Divide: Can Federal Funding For Rural Broadband Narrow ... - Investor's Business Daily
2022-11-01,"OpenSSL, widely used encryption library, patches high vulnerabilities. What to know. - Yahoo Finance"
2022-11-01,Why cybersecurity education is key to protecting your medical practice - Medical Economics
2022-11-01,"ISM manufacturing PMI falls to 50.2, S&P Global PMI revised higher - ShareCast"
2022-11-01,Lumen Technologies rises after winning $1.5B defense contract ... - Seeking Alpha
2022-11-01,Lumen Technologies Q3 2022 Earnings Preview - Seeking Alpha
2022-11-02,"Comcast is upping upload speeds. But for now, you'll need a premium bundle. - Yahoo Finance"
2022-11-02,"Lumen Technologies, Inc. (LUMN) Q3 2022 Earnings Call Transcript - Seeking Alpha"
2022-11-02,TMRW Sports Adds All-Star Investors - Yahoo Finance
2022-11-02,Liberty Global plc (LBTYA) Q3 2022 Earnings Call Transcript - Seeking Alpha
2022-11-02,Daily Markets: And Now for the Federal Reserve - Nasdaq
2022-11-02,Dycom Stock: Digging Up Higher Profits - Investor's Business Daily
2022-11-02,"World equities fall, U.S. Treasury yields rise after hawkish Fed - Yahoo Finance"
2022-11-02,Lumen Technologies Plans to Sell EMEA Business to Colt Technology Services for $1.8 Billion - Marketscreener.com
2022-11-02,9 Giant Stocks Now Pay Out More Than Treasury I Bonds - Investor's Business Daily
2022-11-02,Lumen Enters into Agreement Regarding Divestiture of EMEA ... - PR Newswire
2022-11-02,Lumen Technologies (LUMN) Q3 2022 Earnings Call Transcript - The Motley Fool
2022-11-02,Should You Bet on Lumen (NYSE:LUMN) Stock? - TipRanks
2022-11-03,Uniti Group Inc. (UNIT) Q3 2022 Earnings Call Transcript - Seeking Alpha
2022-11-03,"Dow closes 400 points higher, but snaps four-week win streak on rising rate fears - CNBC"
2022-11-03,"MetLife, Inc. (MET) Q3 2022 Earnings Call Transcript - Seeking Alpha"
2022-11-03,Fly Play hf.: Operating profit for the first time for PLAY in Q3 - Yahoo Finance
2022-11-03,Lumen Stock: Market Devastated By Dividend Elimination (NYSE ... - Seeking Alpha
2022-11-03,"Roku, Lincoln National And Some Other Big Stocks Moving lower In Today’s Pre-Market Session - Cognizant T - Benzinga"
2022-11-03,My Income Is +10% And Highly Diversified - Seeking Alpha
2022-11-03,Altice Falls Most Ever in Latest Sign of Cable Industry Woes - Bloomberg
2022-11-03,"Sunrun, Lumen, Etsy, Under Armour, and More Market Movers - Barron's"
2022-11-03,Leggett & Platt Q3 Earnings: Is The Dividend In Danger? (NYSE:LEG) - Seeking Alpha
2022-11-03,"Cummins (CMI) Q3 Earnings Miss Estimates, Deteriorate Y/Y - Zacks Investment Research"
2022-11-03,3 High-Yielding Dividend Stocks Set to Soar from 52-Week Lows - InvestorPlace
2022-11-03,Today's Biggest Pre-Market Stock Movers: 10 Top Gainers and ... - InvestorPlace
2022-11-03,"QUALCOMM, Nutrien, Moderna among premarket losers' pack - Seeking Alpha"
2022-11-03,"Hot Stocks: LUMN, FIS climbed on earnings; RUN surges; COP sets ... - Seeking Alpha"
2022-11-03,"Buying ZIM Stock Ahead Of Earnings, At A 26% Fire Sale - Seeking Alpha"
2022-11-04,Why Greenhill Shares Climbed Around 25%; Here Are 100 Biggest Movers From Yesterday - Acutus Medical (NAS - Benzinga
2022-11-04,"Kellogg, Palo Alto Networks, Roku And Other Big Losers From Thursday - Cognizant Tech Solns (NASDAQ:CTSH) - Benzinga"
2022-11-04,Lumen's Dividend Dies: Glad We Sold And Not Buying The Crash ... - Seeking Alpha
2022-11-04,Lumen's Dividend Cut Highlights Importance Of A Sound Dividend ... - Seeking Alpha
2022-11-04,Lumen: Dividend Shock (NYSE:LUMN) - Seeking Alpha
2022-11-04,"Lumen Technologies releases Environmental, Social and ... - PR Newswire"
2022-11-05,"Dividend Champion, Contender, And Challenger Highlights: Week ... - Seeking Alpha"
2022-11-06,"Fed Not Done Yet, But Probably Should Be - Seeking Alpha"
2022-11-07,Lumen and Colt enter arrangement for proposed sale of Lumen's ... - Business Leader
2022-11-07,IWG shares surge on digital arm sell-off report - ShareCast
2022-11-08,"Berenberg starts Babcock at 'buy', shares surge - ShareCast"
2022-11-08,Stocks Climb As T-Note Yields Fall - Barchart
2022-11-08,"Best Buy: FCF And Balance Sheet Facing Challenges, Dividend ... - Seeking Alpha"
2022-11-08,Lumen Technologies to Present at the RBC Capital Markets Global ... - PR Newswire
2022-11-08,Lumen (LUMN) Expands Edge Computing Solutions Across APAC - Zacks Investment Research
2022-11-09,"B&G Foods, Inc. (BGS) Q3 2022 Earnings Call Transcript - Seeking Alpha"
2022-11-09,Wall Street Breakfast: Crypto Collapse - Seeking Alpha
2022-11-09,My Dividend Stock Portfolio: New October Record - Seeking Alpha
2022-11-09,"FTX looks for $9.4 billion in rescue funds, Bahamas freezes some assets - Yahoo Finance"
2022-11-10,ServiceNow Stock Impressive Jump 11% At Session Start On ... - Via News Agency
2022-11-10,Analyzing Lumen Technologies's Short Interest - Lumen Technologies (NYSE:LUMN) - Benzinga
2022-11-10,Lumen Technologies Recent Insider Activity - Lumen Technologies (NYSE:LUMN) - Benzinga
2022-11-10,Hanesbrands Needs To Cut The Dividend (NYSE:HBI) - Seeking Alpha
2022-11-11,Local Bounti Corporation (LOCL) Q3 2022 Earnings Call Transcript - Seeking Alpha
2022-11-11,"Forget Lumen, Buy AT&T Stock (NYSE:LUMN) - Seeking Alpha"
2022-11-12,SG Americas Securities LLC Makes New $188000 Investment in ... - Armenian Reporter
2022-11-12,CEO & CFO Moves (Nov 11) - TheStreet
2022-11-13,Johnson & Johnson (NYSE:JNJ) Shares Sold by State Board of ... - Armenian Reporter
2022-11-13,Definity Financial (TSE:DFY) PT Raised to C$46.00 at Royal Bank of ... - Armenian Reporter
2022-11-13,"22061 Shares in Conn's, Inc. (NASDAQ:CONN) Bought by Connor ... - Armenian Reporter"
2022-11-13,SPDR ICE Preferred Securities ETF (NYSEARCA:PSK) Sees Strong ... - Armenian Reporter
2022-11-13,Janney Montgomery Scott LLC Acquires 506 Shares of MongoDB ... - Armenian Reporter
2022-11-13,OLD Mission Capital LLC Has $180000 Holdings in JATT ... - Armenian Reporter
2022-11-13,Short Interest in CPS Technologies Co. (NASDAQ:CPSH) Grows By ... - Armenian Reporter
2022-11-13,AT&T Is At A Critical Crossroad (NYSE:T) - Seeking Alpha
2022-11-14,Ideal Power Enters into Development Agreement with Top 10 Global Automaker for B-TRAN™-based Electric Vehicle Power Module - Yahoo Finance
2022-11-14,ASTS Stock: AST SpaceMobile Celebrates Communications Array ... - Value the Markets
2022-11-14,Sinclair Broadcast Group enters agreement with Hyundai Mobis ... - Seeking Alpha
2022-11-14,Wall Street ends lower as investors gauge Fed's policy path - Yahoo Finance
2022-11-15,Shares in Ocado fall sharply as Tempus says 'avoid' - ShareCast
2022-11-15,Empire State manufacturing index improves more than expected - ShareCast
2022-11-15,Should You Add Lumen Technologies Inc (LUMN) Stock to Your Portfolio Tuesday? - InvestorsObserver
2022-11-15,Lumen Stock: Why I Think Buybacks Will Happen (NYSE:LUMN) - Seeking Alpha
2022-11-15,3 Dividend Stocks to Sell Right Now... and 1 to Buy - InvestorPlace
2022-11-15,"Lumen Technologies, Inc. (LUMN) RBC Capital Markets Global ... - Seeking Alpha"
2022-11-15,"Qurate Retail Announces Semi-Annual Interest Payment and ... - Qurate Retail, Inc."
2022-11-15,Form 8.3 - Euromoney Institutional Investor plc - ShareCast
2022-11-15,Land Securities swings to first-half loss - ShareCast
2022-11-15,Melrose Industries trading in line with FY expectations - ShareCast
2022-11-15,"One Of These REITs Is Trash, The Other A 7% Yielding Treasure - Seeking Alpha"
2022-11-16,Experian posts 'strong' first-half numbers - ShareCast
2022-11-16,Lumen's ultra-fast fiber move is massive - PR Newswire
2022-11-17,Canaccord raised target for Sage on 'pretty good' visibility - ShareCast
2022-11-17,Selling Your 8x8 Inc. (NYSE: EGHT) Stock? Here's What You Need ... - Stocks Register
2022-11-17,"Top Stock Reports for Wells Fargo, Honeywell & Northrop Grumman - Yahoo Finance"
2022-11-17,"Builders FirstSource, Inc. (NYSE:BLDR) Sees Significant Decrease ... - ETF Daily News"
2022-11-17,Be Wary Of Sylogist (TSE:SYZ) And Its Returns On Capital - Yahoo Finance
2022-11-17,Andrew Peller (TSE:ADW.A) Stock Price Crosses Below Two ... - ETF Daily News
2022-11-18,CALX Stock Rides Fiber-To-Home Network Build-Outs - Investor's Business Daily
2022-11-18,Short Interest Sector Focus: Communication Services Sector - AMC Entertainment (NYSE:AMC) - Benzinga
2022-11-18,Marks & Spencer appoints Jeremy Townsend as interim CFO - ShareCast
2022-11-19,aTyr Pharma (NASDAQ:LIFE) Stock Rating Upgraded by StockNews ... - Armenian Reporter
2022-11-19,"TechTarget, Inc. (NASDAQ:TTGT) Stake Increased by Texas ... - Armenian Reporter"
2022-11-21,Temasek Holdings Cuts Stake in Lumen Technologies (LUMN) After ... - Nasdaq
2022-11-21,"Lumen stock heads for worst year on record but is still overvalued, analyst says - MarketWatch"
2022-11-21,Top 15 Edge Computing Companies in the World - Yahoo Finance
2022-11-22,2 Black Friday Bargains To Buy & 2 To Avoid - Seeking Alpha
2022-11-23,Lumen Technologies to Present at the 6th Annual Wells Fargo TMT ... - PR Newswire
2022-11-23,"After Nixing its 13% Dividend, Is Lumen Technologies Okay To Own? - MarketBeat"
2022-11-25,Should You Accumulate Lumen Technologies Inc (LUMN) Stock Friday? - InvestorsObserver
2022-11-26,The Retiree's Dividend Portfolio - Jane's October Update - Seeking Alpha
2022-11-28,Lumen Technologies Target of Unusually High Options Trading ... - MarketBeat
2022-11-28,Lumen Technologies Offers High-Yield Debt But Some Offerings ... - Seeking Alpha
2022-11-28,U.S. stocks lower at close of trade; Dow Jones Industrial Average ... - Investing.com
2022-11-28,"DISA, Lumen to Implement Cloud-Based Phone System via ... - GovCon Wire"
2022-11-28,US open: Stocks trade lower amid Chinese unrest | Financial News - London South East
2022-11-29,Lumen Technologies to Present at the UBS Global TMT Conference - PR Newswire
2022-11-30,Dan Klein Joins Lumen as Public Sector Program Management VP ... - GovCon Wire
2022-12-01,"Lumen Technologies, Inc. (LUMN) 6th Annual Wells Fargo TMT ... - Seeking Alpha"
2022-12-02,"Lumen Technologies, Inc. (LUMN) is Attracting Investor Attention: Here is What You Should Know - Yahoo Finance"
2022-12-03,Warning: LUMN is at high risk of cutting its dividend - STL.News
2022-12-04,Lumen Stock: A Contrarian Investment Case (NYSE:LUMN) - Seeking Alpha
2022-12-05,Why Lumen Technologies Fell 25.7% in November - The Motley Fool
2022-12-05,Telephone and Data Systems Inc. (NYSE: TDS)'s Stock Boosts 0.19 ... - Stocks Register
2022-12-05,Lumen Technologies Sees Unusually Large Options Volume (NYSE ... - MarketBeat
2022-12-06,Lumen Stock: Why The Pain Continues (NYSE:LUMN) - Seeking Alpha
2022-12-06,Analyst Ratings for Lumen Technologies - Lumen Technologies (NYSE:LUMN) - Benzinga
2022-12-06,"Lumen Technologies, Inc. (LUMN) UBS 50th Annual Global TMT ... - Seeking Alpha"
2022-12-06,U.S. stocks lower at close of trade; Dow Jones Industrial Average ... - Investing.com
2022-12-07,"Wednesday’s Top Analyst Upgrades and Downgrades: Costco, GE, JPMorgan, Royal Caribbean, Schlumberger, United Airlines, Walmart and More - 24/7 Wall St."
2022-12-07,Lumen (LUMN) Continues to Expand Fiber Network Across U.S. - Zacks Investment Research
2022-12-07,Why Lumen Technologies Stock Was a Winner on Wednesday - The Motley Fool
2022-12-07,Lumen offers contact center solution with Genesys (NYSE:LUMN) - Seeking Alpha
2022-12-08,8x8 Inc. (NASDAQ: EGHT) Slashes -2.78%: The Most Likely Path ... - Stocks Register
2022-12-12,Cogent: An Updated Buy After Q3 2022 Earnings Call (NASDAQ ... - Seeking Alpha
2022-12-12,Lumen Technologies Inc (LUMN) Stock Gains 6.35% This Week: Is It a Good Pick? - InvestorsObserver
2022-12-12,3 High Dividend-Paying Stocks In Sweet Spot Of Yield Investing - Seeking Alpha
2022-12-13,"Lumen Technologies, Inc. (NYSE:LUMN) Receives Average Rating ... - MarketBeat"
2022-12-13,Why Lumen Technologies Rallied Today - The Motley Fool
2022-12-13,"Here is What to Know Beyond Why Lumen Technologies, Inc ... - Nasdaq"
